Date,Time,Timezone,STATUS,QSDELAY,DTEMF,LTEMF,overload,ROOF_STATUS
2026-01-13,09:33:35,+07,0,220,40.0,,False,N/A
2026-01-13,09:33:37,+07,0,220,40.0,,False,N/A
2026-01-13,09:33:39,+07,0,220,40.0,,False,N/A
2026-01-13,09:33:41,+07,0,220,40.0,,False,N/A
2026-01-13,09:33:43,+07,0,220,40.0,27.2,False,N/A
2026-01-13,09:33:45,+07,0,220,40.0,27.2,False,N/A
2026-01-13,09:33:47,+07,0,220,40.0,27.2,False,N/A
2026-01-13,09:33:49,+07,0,220,40.0,27.2,False,N/A
2026-01-13,09:33:51,+07,0,220,40.0,27.3,False,N/A
2026-01-13,09:33:53,+07,0,220,40.0,27.3,False,N/A
2026-01-13,09:33:55,+07,0,220,40.0,27.3,False,N/A
2026-01-13,09:33:57,+07,0,220,40.0,27.4,False,N/A
2026-01-13,09:33:59,+07,0,220,40.0,27.4,False,N/A
2026-01-13,09:34:01,+07,0,220,40.0,27.4,False,N/A
2026-01-13,09:34:03,+07,0,220,40.0,27.4,False,N/A
2026-01-13,09:34:05,+07,0,220,40.0,27.4,False,N/A
2026-01-13,09:34:07,+07,0,220,40.0,27.4,False,N/A
2026-01-13,09:34:09,+07,0,220,40.0,27.4,False,N/A
2026-01-13,09:34:11,+07,0,220,40.0,27.4,False,N/A
2026-01-13,09:34:13,+07,0,220,40.0,27.4,False,N/A
2026-01-13,09:34:15,+07,0,220,40.0,27.4,False,N/A
2026-01-13,09:34:17,+07,0,220,40.0,27.4,False,N/A
2026-01-13,09:34:19,+07,0,220,40.0,27.4,False,N/A
2026-01-13,09:34:21,+07,0,220,40.0,27.4,False,N/A
2026-01-13,09:34:23,+07,0,220,40.0,27.4,False,N/A
2026-01-13,09:34:26,+07,0,220,40.0,27.4,False,N/A
2026-01-13,09:34:28,+07,0,220,40.0,27.4,False,N/A
2026-01-13,09:34:30,+07,0,220,40.0,27.4,False,N/A
2026-01-13,09:34:32,+07,0,220,40.0,27.4,False,N/A
2026-01-13,09:34:34,+07,0,220,40.0,27.8,False,N/A
2026-01-13,09:34:36,+07,0,220,27.8,27.8,False,N/A
2026-01-13,09:34:38,+07,0,220,40.0,27.8,False,N/A
2026-01-13,09:34:40,+07,0,220,40.0,27.7,False,N/A
2026-01-13,09:34:42,+07,0,220,40.0,27.7,False,N/A
2026-01-13,09:34:44,+07,0,220,40.0,27.7,False,N/A
2026-01-13,09:34:46,+07,0,220,40.0,27.7,False,N/A
2026-01-13,09:34:48,+07,0,220,40.0,27.9,False,N/A
2026-01-13,09:34:50,+07,0,220,40.0,27.9,False,N/A
2026-01-13,09:34:52,+07,0,220,28.0,29.0,False,N/A
2026-01-13,09:34:54,+07,0,220,40.0,29.0,False,N/A
2026-01-13,09:34:56,+07,0,220,40.0,28.0,False,N/A
2026-01-13,09:34:58,+07,0,220,40.0,28.0,False,N/A
2026-01-13,09:35:01,+07,1,220,80.0,28.0,False,N/A
2026-01-13,09:35:03,+07,1,220,80.0,28.0,False,N/A
2026-01-13,09:35:05,+07,1,220,80.0,28.0,False,N/A
2026-01-13,09:35:07,+07,1,220,80.0,28.0,False,N/A
2026-01-13,09:35:09,+07,1,220,80.0,28.0,False,N/A
2026-01-13,09:35:11,+07,1,220,80.0,28.0,False,N/A
2026-01-13,09:35:13,+07,1,220,80.0,28.0,False,N/A
2026-01-13,09:35:15,+07,1,220,80.0,28.0,False,N/A
2026-01-13,09:35:17,+07,1,220,80.0,28.0,False,N/A
2026-01-13,09:35:19,+07,1,220,80.0,28.0,False,N/A
2026-01-13,09:35:21,+07,1,220,80.0,28.0,False,N/A
2026-01-13,09:35:23,+07,1,220,80.0,28.0,False,N/A
2026-01-13,09:35:25,+07,1,220,80.0,28.0,False,N/A
2026-01-13,09:35:27,+07,1,220,80.0,28.0,False,N/A
2026-01-13,09:35:29,+07,1,220,80.0,28.0,False,N/A
2026-01-13,09:35:31,+07,1,220,80.0,28.0,False,N/A
2026-01-13,09:35:33,+07,1,220,80.0,28.0,False,N/A
2026-01-13,09:35:35,+07,1,220,80.0,28.0,False,N/A
2026-01-13,09:35:37,+07,1,220,80.0,28.0,False,N/A
2026-01-13,09:35:39,+07,1,220,80.0,28.0,False,N/A
2026-01-13,09:35:41,+07,1,220,80.0,28.0,False,N/A
2026-01-13,09:35:43,+07,1,220,80.0,28.0,False,N/A
2026-01-13,09:35:45,+07,1,220,80.0,28.0,False,N/A
2026-01-13,09:35:47,+07,1,220,80.0,28.0,False,N/A
2026-01-13,09:35:49,+07,1,220,80.0,28.0,False,N/A
2026-01-13,09:35:51,+07,1,220,80.0,28.0,False,N/A
2026-01-13,09:35:53,+07,1,220,80.0,28.0,False,N/A
2026-01-13,09:35:55,+07,1,220,80.0,28.0,False,N/A
2026-01-13,09:35:57,+07,1,220,80.0,28.0,False,N/A
2026-01-13,09:35:59,+07,1,220,80.0,28.0,False,N/A
2026-01-13,09:36:01,+07,0,220,40.0,28.0,False,N/A
2026-01-13,09:36:04,+07,0,220,40.0,27.7,False,N/A
2026-01-13,09:36:06,+07,0,220,40.0,27.7,False,N/A
2026-01-13,09:36:08,+07,0,220,40.0,27.7,False,N/A
2026-01-13,09:36:10,+07,0,220,40.0,27.7,False,N/A
2026-01-13,09:36:12,+07,0,220,40.0,27.7,False,N/A
2026-01-13,09:36:14,+07,0,220,40.0,27.7,False,N/A
2026-01-13,09:36:16,+07,0,220,40.0,27.7,False,N/A
2026-01-13,09:36:18,+07,0,220,40.0,27.7,False,N/A
2026-01-13,09:36:20,+07,0,220,40.0,27.7,False,N/A
2026-01-13,09:36:22,+07,0,220,40.0,27.7,False,N/A
2026-01-13,09:36:24,+07,0,220,40.0,27.7,False,N/A
2026-01-13,09:36:26,+07,0,220,40.0,27.7,False,N/A
2026-01-13,09:36:28,+07,0,220,40.0,27.7,False,N/A
2026-01-13,09:36:30,+07,0,220,40.0,27.7,False,N/A
2026-01-13,09:36:32,+07,0,220,40.0,27.7,False,N/A
2026-01-13,09:36:34,+07,0,220,40.0,27.7,False,N/A
2026-01-13,09:36:36,+07,0,220,40.0,27.7,False,N/A
2026-01-13,09:36:38,+07,0,220,40.0,27.7,False,N/A
2026-01-13,09:36:40,+07,0,220,40.0,27.7,False,N/A
2026-01-13,09:36:42,+07,0,220,40.0,27.7,False,N/A
2026-01-13,09:36:44,+07,0,220,40.0,27.7,False,N/A
2026-01-13,09:36:46,+07,0,220,40.0,27.7,False,N/A
2026-01-13,09:36:48,+07,0,220,40.0,27.7,False,N/A
2026-01-13,09:36:50,+07,0,220,40.0,27.7,False,N/A
2026-01-13,09:36:52,+07,0,220,40.0,27.7,False,N/A
2026-01-13,09:36:54,+07,0,220,40.0,27.6,False,N/A
2026-01-13,09:36:56,+07,0,220,40.0,27.6,False,N/A
2026-01-13,09:36:58,+07,0,220,40.0,27.6,False,N/A
2026-01-13,09:37:00,+07,0,220,80.0,27.6,False,N/A
2026-01-13,09:37:02,+07,0,220,80.0,27.6,False,N/A
2026-01-13,09:37:04,+07,0,220,80.0,27.6,False,N/A
2026-01-13,09:37:06,+07,0,220,80.0,27.6,False,N/A
2026-01-13,09:37:08,+07,0,220,80.0,27.6,False,N/A
2026-01-13,09:37:10,+07,0,220,80.0,27.6,False,N/A
2026-01-13,09:37:12,+07,0,220,80.0,27.6,False,N/A
2026-01-13,09:37:14,+07,0,220,80.0,27.6,False,N/A
2026-01-13,09:37:16,+07,0,220,80.0,27.5,False,N/A
2026-01-13,09:37:18,+07,0,220,80.0,27.5,False,N/A
2026-01-13,09:37:20,+07,0,220,80.0,27.5,False,N/A
2026-01-13,09:37:22,+07,0,220,80.0,27.7,False,N/A
2026-01-13,09:37:24,+07,0,220,80.0,27.7,False,N/A
2026-01-13,09:37:26,+07,0,220,80.0,27.7,False,N/A
2026-01-13,09:37:28,+07,0,220,80.0,27.7,False,N/A
2026-01-13,09:37:30,+07,0,220,80.0,27.7,False,N/A
2026-01-13,09:37:32,+07,0,220,80.0,27.7,False,N/A
2026-01-13,09:37:34,+07,0,220,80.0,27.7,False,N/A
2026-01-13,09:37:36,+07,0,220,80.0,27.7,False,N/A
2026-01-13,09:37:38,+07,0,220,80.0,27.7,False,N/A
2026-01-13,09:37:40,+07,0,220,80.0,27.7,False,N/A
2026-01-13,09:37:42,+07,0,220,80.0,27.7,False,N/A
2026-01-13,09:37:44,+07,0,220,80.0,27.4,False,N/A
2026-01-13,09:37:46,+07,0,220,80.0,27.4,False,N/A
2026-01-13,09:37:48,+07,0,220,80.0,27.4,False,N/A
2026-01-13,09:37:50,+07,0,220,80.0,27.4,False,N/A
2026-01-13,09:37:52,+07,0,220,80.0,27.4,False,N/A
2026-01-13,09:37:54,+07,0,220,80.0,27.4,False,N/A
2026-01-13,09:37:56,+07,0,220,80.0,27.4,False,N/A
2026-01-13,09:37:58,+07,0,220,80.0,27.7,False,N/A
2026-01-13,09:38:01,+07,1,220,40.0,27.7,False,N/A
2026-01-13,09:38:03,+07,1,220,40.0,27.7,False,N/A
2026-01-13,09:38:05,+07,1,220,40.0,27.8,False,N/A
2026-01-13,09:38:07,+07,1,220,40.0,27.9,False,N/A
2026-01-13,09:38:09,+07,1,220,40.0,27.9,False,N/A
2026-01-13,09:38:11,+07,1,220,40.0,27.9,False,N/A
2026-01-13,09:38:13,+07,1,220,40.0,27.9,False,N/A
2026-01-13,09:38:15,+07,1,220,40.0,27.9,False,N/A
2026-01-13,09:38:17,+07,1,220,40.0,27.9,False,N/A
2026-01-13,09:38:19,+07,1,220,40.0,27.9,False,N/A
2026-01-13,09:38:21,+07,1,220,40.0,27.8,False,N/A
2026-01-13,09:38:23,+07,1,220,40.0,27.8,False,N/A
2026-01-13,09:38:25,+07,1,220,40.0,27.8,False,N/A
2026-01-13,09:38:27,+07,1,220,40.0,27.7,False,N/A
2026-01-13,09:38:29,+07,1,220,40.0,27.7,False,N/A
2026-01-13,09:38:31,+07,1,220,40.0,27.7,False,N/A
2026-01-13,09:38:33,+07,1,220,40.0,27.7,False,N/A
2026-01-13,09:38:35,+07,1,220,40.0,27.7,False,N/A
2026-01-13,09:38:37,+07,1,220,40.0,27.7,False,N/A
2026-01-13,09:38:39,+07,1,220,40.0,27.7,False,N/A
2026-01-13,09:38:41,+07,1,220,40.0,27.7,False,N/A
2026-01-13,09:38:43,+07,1,220,40.0,27.7,False,N/A
2026-01-13,09:38:45,+07,1,220,40.0,27.7,False,N/A
2026-01-13,09:38:47,+07,1,220,40.0,27.7,False,N/A
2026-01-13,09:38:49,+07,1,220,40.0,27.8,False,N/A
2026-01-13,09:38:51,+07,1,220,40.0,27.8,False,N/A
2026-01-13,09:38:53,+07,1,220,40.0,27.8,False,N/A
2026-01-13,09:38:55,+07,1,220,40.0,27.8,False,N/A
2026-01-13,09:38:57,+07,1,220,40.0,27.9,False,N/A
2026-01-13,09:38:59,+07,1,220,40.0,27.9,False,N/A
2026-01-13,09:39:01,+07,0,220,40.0,27.7,False,N/A
2026-01-13,09:39:03,+07,0,220,40.0,27.7,False,N/A
2026-01-13,09:39:05,+07,0,220,40.0,27.7,False,N/A
2026-01-13,09:39:07,+07,0,220,40.0,27.7,False,N/A
2026-01-13,09:39:09,+07,0,220,40.0,27.6,False,N/A
2026-01-13,09:39:12,+07,0,220,40.0,27.6,False,N/A
2026-01-13,09:39:14,+07,0,220,40.0,27.5,False,N/A
2026-01-13,09:39:16,+07,0,220,40.0,27.6,False,N/A
2026-01-13,09:39:18,+07,0,220,27.6,26.8,False,N/A
2026-01-13,09:39:20,+07,0,220,27.6,27.6,False,N/A
2026-01-13,09:39:22,+07,0,220,40.0,27.7,False,N/A
2026-01-13,09:39:24,+07,0,220,40.0,27.7,False,N/A
2026-01-13,09:39:26,+07,0,220,40.0,27.7,False,N/A
2026-01-13,09:39:28,+07,0,220,40.0,27.7,False,N/A
2026-01-13,09:39:30,+07,0,220,40.0,27.7,False,N/A
2026-01-13,09:39:32,+07,0,220,40.0,27.7,False,N/A
2026-01-13,09:39:34,+07,0,220,40.0,27.5,False,N/A
2026-01-13,09:39:36,+07,0,220,40.0,27.5,False,N/A
2026-01-13,09:39:38,+07,0,220,40.0,27.5,False,N/A
2026-01-13,09:39:40,+07,0,220,40.0,27.5,False,N/A
2026-01-13,09:39:42,+07,0,220,40.0,27.5,False,N/A
2026-01-13,09:39:44,+07,0,220,40.0,27.5,False,N/A
2026-01-13,09:39:46,+07,0,220,40.0,27.5,False,N/A
2026-01-13,09:39:48,+07,0,220,40.0,27.7,False,N/A
2026-01-13,09:39:50,+07,0,220,27.6,26.9,False,N/A
2026-01-13,09:39:52,+07,0,220,40.0,27.6,False,N/A
2026-01-13,09:39:54,+07,0,220,40.0,27.6,False,N/A
2026-01-13,09:39:56,+07,0,220,27.7,27.0,False,N/A
2026-01-13,09:39:58,+07,0,220,27.7,27.7,False,N/A
2026-01-13,09:40:00,+07,0,220,40.0,27.6,False,N/A
2026-01-13,09:40:02,+07,0,220,40.0,27.6,False,N/A
2026-01-13,09:40:04,+07,0,220,40.0,27.4,False,N/A
2026-01-13,09:40:06,+07,0,220,40.0,27.4,False,N/A
2026-01-13,09:40:08,+07,0,220,40.0,27.4,False,N/A
2026-01-13,09:40:10,+07,0,220,40.0,27.4,False,N/A
2026-01-13,09:40:12,+07,0,220,40.0,27.4,False,N/A
2026-01-13,09:40:14,+07,0,220,40.0,27.6,False,N/A
2026-01-13,09:40:16,+07,0,220,40.0,27.6,False,N/A
2026-01-13,09:40:18,+07,0,220,40.0,27.6,False,N/A
2026-01-13,09:40:20,+07,0,220,40.0,27.6,False,N/A
2026-01-13,09:40:22,+07,0,220,40.0,27.6,False,N/A
2026-01-13,09:40:24,+07,0,220,40.0,27.4,False,N/A
2026-01-13,09:40:26,+07,0,220,40.0,27.4,False,N/A
2026-01-13,09:40:28,+07,0,220,40.0,27.2,False,N/A
2026-01-13,09:40:30,+07,0,220,40.0,27.2,False,N/A
2026-01-13,09:40:32,+07,0,220,40.0,27.2,False,N/A
2026-01-13,09:40:34,+07,0,220,40.0,27.2,False,N/A
2026-01-13,09:40:36,+07,0,220,40.0,27.2,False,N/A
2026-01-13,09:40:38,+07,0,220,40.0,27.2,False,N/A
2026-01-13,09:40:40,+07,0,220,40.0,27.2,False,N/A
2026-01-13,09:40:42,+07,0,220,40.0,27.2,False,N/A
2026-01-13,09:40:44,+07,0,220,40.0,27.2,False,N/A
2026-01-13,09:40:46,+07,0,220,40.0,27.0,False,N/A
2026-01-13,09:40:48,+07,0,220,27.1,27.0,False,N/A
2026-01-13,09:40:50,+07,0,220,40.0,27.2,False,N/A
2026-01-13,09:40:52,+07,0,220,40.0,27.1,False,N/A
2026-01-13,09:40:54,+07,0,220,27.0,27.4,False,N/A
2026-01-13,09:40:56,+07,0,220,40.0,27.1,False,N/A
2026-01-13,09:40:58,+07,0,220,40.0,27.2,False,N/A
2026-01-13,09:41:01,+07,1,220,80.0,27.2,False,N/A
2026-01-13,09:41:04,+07,1,220,80.0,27.3,False,N/A
2026-01-13,09:41:06,+07,1,220,80.0,27.3,False,N/A
2026-01-13,09:41:08,+07,1,220,80.0,27.3,False,N/A
2026-01-13,09:41:10,+07,1,220,80.0,27.3,False,N/A
2026-01-13,09:41:12,+07,1,220,27.3,27.8,False,N/A
2026-01-13,09:41:14,+07,1,220,80.0,27.3,False,N/A
2026-01-13,09:41:16,+07,1,220,27.2,27.7,False,N/A
2026-01-13,09:41:18,+07,1,220,80.0,27.3,False,N/A
2026-01-13,09:41:20,+07,1,220,27.2,27.3,False,N/A
2026-01-13,09:41:22,+07,1,220,80.0,27.3,False,N/A
2026-01-13,09:41:24,+07,1,220,80.0,27.3,False,N/A
2026-01-13,09:41:26,+07,1,220,80.0,27.3,False,N/A
2026-01-13,09:41:28,+07,1,220,80.0,27.3,False,N/A
2026-01-13,09:41:30,+07,1,220,80.0,27.3,False,N/A
2026-01-13,09:41:32,+07,1,220,80.0,27.5,False,N/A
2026-01-13,09:41:34,+07,1,220,27.5,27.8,False,N/A
2026-01-13,09:41:36,+07,1,220,27.6,27.8,False,N/A
2026-01-13,09:41:38,+07,1,220,80.0,27.6,False,N/A
2026-01-13,09:41:40,+07,1,220,80.0,27.6,False,N/A
2026-01-13,09:41:42,+07,1,220,80.0,27.5,False,N/A
2026-01-13,09:41:44,+07,1,220,80.0,27.5,False,N/A
2026-01-13,09:41:46,+07,1,220,80.0,27.5,False,N/A
2026-01-13,09:41:48,+07,1,220,27.6,27.9,False,N/A
2026-01-13,09:41:50,+07,1,220,80.0,27.9,False,N/A
2026-01-13,09:41:52,+07,1,220,80.0,27.9,False,N/A
2026-01-13,09:41:54,+07,1,220,80.0,27.9,False,N/A
2026-01-13,09:41:56,+07,1,220,80.0,27.9,False,N/A
2026-01-13,09:41:58,+07,1,220,80.0,27.9,False,N/A
2026-01-13,09:42:01,+07,0,220,40.0,27.4,False,N/A
2026-01-13,09:42:03,+07,0,220,40.0,27.4,False,N/A
2026-01-13,09:42:05,+07,0,220,40.0,27.4,False,N/A
2026-01-13,09:42:07,+07,0,220,40.0,27.4,False,N/A
2026-01-13,09:42:09,+07,0,220,40.0,27.4,False,N/A
2026-01-13,09:42:11,+07,0,220,40.0,27.4,False,N/A
2026-01-13,09:42:13,+07,0,220,40.0,27.4,False,N/A
2026-01-13,09:42:15,+07,0,220,40.0,27.4,False,N/A
2026-01-13,09:42:17,+07,0,220,40.0,27.4,False,N/A
2026-01-13,09:42:19,+07,0,220,40.0,27.4,False,N/A
2026-01-13,09:42:21,+07,0,220,40.0,27.4,False,N/A
2026-01-13,09:42:23,+07,0,220,40.0,27.4,False,N/A
2026-01-13,09:42:25,+07,0,220,40.0,27.4,False,N/A
2026-01-13,09:42:27,+07,0,220,40.0,27.4,False,N/A
2026-01-13,09:42:29,+07,0,220,40.0,27.4,False,N/A
2026-01-13,09:42:31,+07,0,220,40.0,27.4,False,N/A
2026-01-13,09:42:33,+07,0,220,40.0,27.4,False,N/A
2026-01-13,09:42:35,+07,0,220,40.0,27.4,False,N/A
2026-01-13,09:42:37,+07,0,220,40.0,27.4,False,N/A
2026-01-13,09:42:39,+07,0,220,40.0,27.4,False,N/A
2026-01-13,09:42:41,+07,0,220,40.0,27.4,False,N/A
2026-01-13,09:42:43,+07,0,220,40.0,27.6,False,N/A
2026-01-13,09:42:45,+07,0,220,40.0,27.6,False,N/A
2026-01-13,09:42:47,+07,0,220,40.0,27.6,False,N/A
2026-01-13,09:42:49,+07,0,220,40.0,27.6,False,N/A
2026-01-13,09:42:51,+07,0,220,40.0,27.6,False,N/A
2026-01-13,09:42:53,+07,0,220,40.0,27.6,False,N/A
2026-01-13,09:42:55,+07,0,220,40.0,27.6,False,N/A
2026-01-13,09:42:57,+07,0,220,40.0,27.6,False,N/A
2026-01-13,09:42:59,+07,0,220,40.0,27.6,False,N/A
2026-01-13,09:43:01,+07,0,220,80.0,27.6,False,N/A
2026-01-13,09:43:04,+07,0,220,80.0,27.6,False,N/A
2026-01-13,09:43:06,+07,0,220,80.0,27.6,False,N/A
2026-01-13,09:43:08,+07,0,220,80.0,27.6,False,N/A
2026-01-13,09:43:10,+07,0,220,80.0,27.6,False,N/A
2026-01-13,09:43:12,+07,0,220,80.0,27.2,False,N/A
2026-01-13,09:43:14,+07,0,220,80.0,27.2,False,N/A
2026-01-13,09:43:16,+07,0,220,80.0,27.2,False,N/A
2026-01-13,09:43:18,+07,0,220,80.0,27.2,False,N/A
2026-01-13,09:43:20,+07,0,220,80.0,27.2,False,N/A
2026-01-13,09:43:22,+07,0,220,80.0,27.2,False,N/A
2026-01-13,09:43:24,+07,0,220,80.0,27.2,False,N/A
2026-01-13,09:43:26,+07,0,220,80.0,27.2,False,N/A
2026-01-13,09:43:28,+07,0,220,80.0,27.2,False,N/A
2026-01-13,09:43:30,+07,0,220,80.0,27.2,False,N/A
2026-01-13,09:43:32,+07,0,220,80.0,27.2,False,N/A
2026-01-13,09:43:34,+07,0,220,80.0,27.2,False,N/A
2026-01-13,09:43:36,+07,0,220,80.0,27.2,False,N/A
2026-01-13,09:43:38,+07,0,220,80.0,27.2,False,N/A
2026-01-13,09:43:40,+07,0,220,80.0,27.2,False,N/A
2026-01-13,09:43:42,+07,0,220,80.0,27.2,False,N/A
2026-01-13,09:43:44,+07,0,220,80.0,27.2,False,N/A
2026-01-13,09:43:46,+07,0,220,80.0,27.2,False,N/A
2026-01-13,09:43:48,+07,0,220,80.0,27.2,False,N/A
2026-01-13,09:43:50,+07,0,220,80.0,27.2,False,N/A
2026-01-13,09:43:52,+07,0,220,40.0,26.7,False,N/A
2026-01-13,09:43:54,+07,0,220,40.0,26.7,False,N/A
2026-01-13,09:43:56,+07,0,220,40.0,26.7,False,N/A
2026-01-13,09:44:00,+07,0,220,40.0,26.7,False,N/A
2026-01-13,09:44:02,+07,0,220,40.0,26.7,False,N/A
2026-01-13,09:44:04,+07,0,220,40.0,26.7,False,N/A
2026-01-13,09:44:06,+07,0,220,40.0,26.7,False,N/A
2026-01-13,09:44:08,+07,0,220,26.7,26.7,False,N/A
2026-01-13,09:44:10,+07,0,220,40.0,26.7,False,N/A
2026-01-13,09:44:12,+07,0,220,40.0,26.7,False,N/A
2026-01-13,09:44:14,+07,0,220,40.0,26.7,False,N/A
2026-01-13,09:44:16,+07,0,220,40.0,26.7,False,N/A
2026-01-13,09:44:18,+07,0,220,40.0,27.1,False,N/A
2026-01-13,09:44:20,+07,0,220,40.0,40.0,True,N/A
2026-01-13,09:44:22,+07,0,220,40.0,26.9,False,N/A
2026-01-13,09:44:24,+07,0,220,26.9,26.9,False,N/A
2026-01-13,09:44:26,+07,0,220,26.9,26.9,False,N/A
2026-01-13,09:44:28,+07,0,220,26.9,26.9,False,N/A
2026-01-13,09:44:30,+07,0,220,26.9,26.9,False,N/A
2026-01-13,09:44:32,+07,0,220,26.8,26.9,False,N/A
2026-01-13,09:44:34,+07,0,220,27.4,26.8,False,N/A
2026-01-13,09:44:36,+07,0,220,26.8,26.8,False,N/A
2026-01-13,09:44:38,+07,0,220,26.9,26.8,False,N/A
2026-01-13,09:44:40,+07,0,220,26.8,26.8,False,N/A
2026-01-13,09:44:42,+07,0,220,26.7,26.8,False,N/A
2026-01-13,09:44:44,+07,0,220,27.2,26.8,False,N/A
2026-01-13,09:44:46,+07,0,220,27.2,26.8,False,N/A
2026-01-13,09:44:48,+07,0,220,26.6,26.8,False,N/A
2026-01-13,09:44:50,+07,0,220,26.6,26.7,False,N/A
2026-01-13,09:44:52,+07,0,220,26.8,26.7,False,N/A
2026-01-13,09:44:54,+07,0,220,26.9,26.9,False,N/A
2026-01-13,09:44:56,+07,0,220,26.9,26.9,False,N/A
2026-01-13,09:44:58,+07,0,220,26.9,26.9,False,N/A
2026-01-13,09:45:00,+07,0,220,27.1,26.9,False,N/A
2026-01-13,09:45:02,+07,0,220,27.0,26.9,False,N/A
2026-01-13,09:45:04,+07,0,220,27.1,26.9,False,N/A
2026-01-13,09:45:06,+07,0,220,27.0,26.9,False,N/A
2026-01-13,09:45:08,+07,0,220,27.0,26.9,False,N/A
2026-01-13,09:45:10,+07,0,220,27.1,26.9,False,N/A
2026-01-13,09:45:12,+07,0,220,27.0,26.9,False,N/A
2026-01-13,09:45:15,+07,0,220,27.0,27.0,False,N/A
2026-01-13,09:45:17,+07,0,220,27.0,27.0,False,N/A
2026-01-13,09:45:19,+07,0,220,27.0,27.0,False,N/A
2026-01-13,09:45:21,+07,0,220,27.0,27.0,False,N/A
2026-01-13,09:45:23,+07,0,220,26.9,27.0,False,N/A
2026-01-13,09:45:25,+07,0,220,26.8,27.0,False,N/A
2026-01-13,09:45:27,+07,0,220,26.8,27.0,False,N/A
2026-01-13,09:45:29,+07,0,220,26.8,27.0,False,N/A
2026-01-13,09:45:31,+07,0,220,26.8,27.0,False,N/A
2026-01-13,09:45:33,+07,0,220,26.8,27.0,False,N/A
2026-01-13,09:45:35,+07,0,220,26.7,27.0,False,N/A
2026-01-13,09:45:37,+07,0,220,26.7,27.0,False,N/A
2026-01-13,09:45:39,+07,0,220,26.7,27.0,False,N/A
2026-01-13,09:45:41,+07,0,220,27.0,27.0,False,N/A
2026-01-13,09:45:43,+07,0,220,40.0,26.6,False,N/A
2026-01-13,09:45:45,+07,0,220,40.0,26.6,False,N/A
2026-01-13,09:45:47,+07,0,220,40.0,26.6,False,N/A
2026-01-13,09:45:49,+07,0,220,40.0,26.6,False,N/A
2026-01-13,09:45:51,+07,0,220,40.0,26.6,False,N/A
2026-01-13,09:45:53,+07,0,220,40.0,26.6,False,N/A
2026-01-13,09:45:55,+07,0,220,26.5,26.6,False,N/A
2026-01-13,09:45:57,+07,0,220,26.6,26.6,False,N/A
2026-01-13,09:45:59,+07,0,220,26.6,26.6,False,N/A
2026-01-13,09:46:01,+07,0,220,26.6,27.2,False,N/A
2026-01-13,09:46:03,+07,0,220,26.5,27.2,False,N/A
2026-01-13,09:46:05,+07,0,220,26.5,26.5,False,N/A
2026-01-13,09:46:07,+07,0,220,26.5,26.5,False,N/A
2026-01-13,09:46:09,+07,0,220,26.5,26.5,False,N/A
2026-01-13,09:46:11,+07,0,220,26.5,26.5,False,N/A
2026-01-13,09:46:13,+07,0,220,27.1,26.5,False,N/A
2026-01-13,09:46:15,+07,0,220,26.4,26.5,False,N/A
2026-01-13,09:46:17,+07,0,220,27.2,26.5,False,N/A
2026-01-13,09:46:19,+07,0,220,27.2,26.4,False,N/A
2026-01-13,09:46:21,+07,0,220,26.4,26.4,False,N/A
2026-01-13,09:46:23,+07,0,220,26.3,26.4,False,N/A
2026-01-13,09:46:25,+07,0,220,26.2,26.2,False,N/A
2026-01-13,09:46:27,+07,0,220,26.1,26.1,False,N/A
2026-01-13,09:46:29,+07,0,220,26.0,26.1,False,N/A
2026-01-13,09:46:31,+07,0,220,26.1,26.1,False,N/A
2026-01-13,09:46:33,+07,0,220,26.1,26.1,False,N/A
2026-01-13,09:46:35,+07,0,220,26.1,26.1,False,N/A
2026-01-13,09:46:37,+07,0,220,26.2,26.1,False,N/A
2026-01-13,09:46:39,+07,0,220,26.1,26.1,False,N/A
2026-01-13,09:46:41,+07,0,220,26.1,26.0,False,N/A
2026-01-13,09:46:43,+07,0,220,26.1,26.0,False,N/A
2026-01-13,09:46:45,+07,0,220,26.1,26.0,False,N/A
2026-01-13,09:46:47,+07,0,220,26.1,26.1,False,N/A
2026-01-13,09:46:49,+07,0,220,26.1,26.1,False,N/A
2026-01-13,09:46:51,+07,0,220,26.1,26.1,False,N/A
2026-01-13,09:46:53,+07,0,220,26.2,26.1,False,N/A
2026-01-13,09:46:55,+07,0,220,26.3,26.3,False,N/A
2026-01-13,09:46:57,+07,0,220,27.5,26.3,False,N/A
2026-01-13,09:46:59,+07,0,220,40.0,26.3,False,N/A
2026-01-13,09:47:01,+07,0,220,40.0,26.3,False,N/A
2026-01-13,09:47:03,+07,0,220,40.0,26.3,False,N/A
2026-01-13,09:47:05,+07,0,220,40.0,26.3,False,N/A
2026-01-13,09:47:07,+07,0,220,40.0,26.3,False,N/A
2026-01-13,09:47:09,+07,0,220,40.0,26.3,False,N/A
2026-01-13,09:47:11,+07,0,220,26.2,26.3,False,N/A
2026-01-13,09:47:13,+07,0,220,26.1,26.3,False,N/A
2026-01-13,09:47:15,+07,0,220,26.2,26.2,False,N/A
2026-01-13,09:47:17,+07,0,220,26.1,26.2,False,N/A
2026-01-13,09:47:19,+07,0,220,26.2,26.2,False,N/A
2026-01-13,09:47:21,+07,0,220,26.2,26.2,False,N/A
2026-01-13,09:47:23,+07,0,220,26.2,26.2,False,N/A
2026-01-13,09:47:25,+07,0,220,26.1,26.2,False,N/A
2026-01-13,09:47:27,+07,0,220,26.1,26.2,False,N/A
2026-01-13,09:47:29,+07,0,220,25.9,26.2,False,N/A
2026-01-13,09:47:31,+07,0,220,26.1,26.2,False,N/A
2026-01-13,09:47:33,+07,0,220,26.0,26.0,False,N/A
2026-01-13,09:47:35,+07,0,220,26.0,26.0,False,N/A
2026-01-13,09:47:37,+07,0,220,27.1,26.0,False,N/A
2026-01-13,09:47:39,+07,0,220,27.2,26.0,False,N/A
2026-01-13,09:47:41,+07,0,220,26.0,26.0,False,N/A
2026-01-13,09:47:44,+07,0,220,26.2,26.0,False,N/A
2026-01-13,09:47:46,+07,0,220,26.1,26.0,False,N/A
2026-01-13,09:47:48,+07,0,220,26.3,26.0,False,N/A
2026-01-13,09:47:50,+07,0,220,26.4,26.0,False,N/A
2026-01-13,09:47:52,+07,0,220,26.4,26.0,False,N/A
2026-01-13,09:47:54,+07,0,220,26.3,26.3,False,N/A
2026-01-13,09:47:56,+07,0,220,26.3,26.2,False,N/A
2026-01-13,09:47:58,+07,0,220,26.3,26.2,False,N/A
2026-01-13,09:48:00,+07,0,220,26.4,26.2,False,N/A
2026-01-13,09:48:02,+07,0,220,26.4,26.2,False,N/A
2026-01-13,09:48:04,+07,0,220,26.4,26.2,False,N/A
2026-01-13,09:48:06,+07,0,220,26.5,26.5,False,N/A
2026-01-13,09:48:08,+07,0,220,26.5,26.5,False,N/A
2026-01-13,09:48:10,+07,0,220,26.3,26.5,False,N/A
2026-01-13,09:48:12,+07,0,220,26.4,26.5,False,N/A
2026-01-13,09:48:14,+07,0,220,26.3,26.5,False,N/A
2026-01-13,09:48:16,+07,0,220,40.0,26.5,False,N/A
2026-01-13,09:48:18,+07,0,220,40.0,26.5,False,N/A
2026-01-13,09:48:20,+07,0,220,40.0,26.4,False,N/A
2026-01-13,09:48:22,+07,0,220,40.0,26.4,False,N/A
2026-01-13,09:48:24,+07,0,220,40.0,26.4,False,N/A
2026-01-13,09:48:26,+07,0,220,40.0,26.4,False,N/A
2026-01-13,09:48:28,+07,0,220,40.0,26.4,False,N/A
2026-01-13,09:48:30,+07,0,220,26.1,26.4,False,N/A
2026-01-13,09:48:32,+07,0,220,26.1,26.4,False,N/A
2026-01-13,09:48:34,+07,0,220,26.1,26.4,False,N/A
2026-01-13,09:48:36,+07,0,220,26.0,26.0,False,N/A
2026-01-13,09:48:38,+07,0,220,26.0,26.0,False,N/A
2026-01-13,09:48:40,+07,0,220,25.9,26.0,False,N/A
2026-01-13,09:48:42,+07,0,220,25.9,26.0,False,N/A
2026-01-13,09:48:44,+07,0,220,25.8,26.0,False,N/A
2026-01-13,09:48:46,+07,0,220,25.8,26.0,False,N/A
2026-01-13,09:48:48,+07,0,220,27.8,25.8,False,N/A
2026-01-13,09:48:50,+07,0,220,25.8,25.8,False,N/A
2026-01-13,09:48:52,+07,0,220,25.6,25.8,False,N/A
2026-01-13,09:48:54,+07,0,220,25.5,25.5,False,N/A
2026-01-13,09:48:56,+07,0,220,25.7,25.5,False,N/A
2026-01-13,09:48:58,+07,0,220,25.5,25.5,False,N/A
2026-01-13,09:49:00,+07,0,220,25.5,25.5,False,N/A
2026-01-13,09:49:02,+07,0,220,25.5,25.5,False,N/A
2026-01-13,09:49:04,+07,0,220,25.4,25.5,False,N/A
2026-01-13,09:49:06,+07,0,220,25.3,25.5,False,N/A
2026-01-13,09:49:08,+07,0,220,25.3,25.5,False,N/A
2026-01-13,09:49:10,+07,0,220,25.3,25.5,False,N/A
2026-01-13,09:49:12,+07,0,220,25.3,25.5,False,N/A
2026-01-13,09:49:14,+07,0,220,25.5,25.5,False,N/A
2026-01-13,09:49:16,+07,0,220,25.6,25.5,False,N/A
2026-01-13,09:49:18,+07,0,220,25.6,25.5,False,N/A
2026-01-13,09:49:20,+07,0,220,25.6,25.6,False,N/A
2026-01-13,09:49:22,+07,0,220,25.7,25.6,False,N/A
2026-01-13,09:49:24,+07,0,220,25.7,25.6,False,N/A
2026-01-13,09:49:26,+07,0,220,25.8,25.6,False,N/A
2026-01-13,09:49:28,+07,0,220,25.7,25.6,False,N/A
2026-01-13,09:49:30,+07,0,220,40.0,25.6,False,N/A
2026-01-13,09:49:32,+07,0,220,40.0,25.6,False,N/A
2026-01-13,09:49:34,+07,0,220,40.0,25.7,False,N/A
2026-01-13,09:49:36,+07,0,220,40.0,25.7,False,N/A
2026-01-13,09:49:38,+07,0,220,40.0,25.7,False,N/A
2026-01-13,09:49:40,+07,0,220,40.0,25.7,False,N/A
2026-01-13,09:49:42,+07,0,220,40.0,25.7,False,N/A
2026-01-13,09:49:44,+07,0,220,40.0,25.6,False,N/A
2026-01-13,09:49:46,+07,0,220,40.0,40.0,True,N/A
2026-01-13,09:49:48,+07,0,220,25.7,25.7,False,N/A
2026-01-13,09:49:50,+07,0,220,25.9,25.9,False,N/A
2026-01-13,09:49:52,+07,0,220,25.8,25.9,False,N/A
2026-01-13,09:49:54,+07,0,220,25.9,25.9,False,N/A
2026-01-13,09:49:56,+07,0,220,25.7,25.9,False,N/A
2026-01-13,09:49:58,+07,0,220,25.6,25.9,False,N/A
2026-01-13,09:50:00,+07,0,220,25.6,25.9,False,N/A
2026-01-13,09:50:02,+07,0,220,25.6,25.9,False,N/A
2026-01-13,09:50:04,+07,0,220,25.6,25.9,False,N/A
2026-01-13,09:50:06,+07,0,220,28.2,25.9,False,N/A
2026-01-13,09:50:08,+07,0,220,25.7,25.9,False,N/A
2026-01-13,09:50:10,+07,0,220,25.8,25.9,False,N/A
2026-01-13,09:50:12,+07,0,220,25.7,25.9,False,N/A
2026-01-13,09:50:14,+07,0,220,25.7,25.9,False,N/A
2026-01-13,09:50:16,+07,0,220,25.7,25.9,False,N/A
2026-01-13,09:50:19,+07,0,220,25.7,25.9,False,N/A
2026-01-13,09:50:21,+07,0,220,25.7,25.9,False,N/A
2026-01-13,09:50:23,+07,0,220,25.7,25.9,False,N/A
2026-01-13,09:50:25,+07,0,220,25.6,25.6,False,N/A
2026-01-13,09:50:27,+07,0,220,25.6,25.6,False,N/A
2026-01-13,09:50:29,+07,0,220,25.6,25.6,False,N/A
2026-01-13,09:50:31,+07,0,220,25.6,25.6,False,N/A
2026-01-13,09:50:33,+07,0,220,25.7,25.6,False,N/A
2026-01-13,09:50:35,+07,0,220,25.9,25.9,False,N/A
2026-01-13,09:50:37,+07,0,220,25.9,25.9,False,N/A
2026-01-13,09:50:39,+07,0,220,25.9,26.0,False,N/A
2026-01-13,09:50:41,+07,0,220,26.0,26.0,False,N/A
2026-01-13,09:50:43,+07,0,220,40.0,26.0,False,N/A
2026-01-13,09:50:45,+07,0,220,40.0,26.0,False,N/A
2026-01-13,09:50:47,+07,0,220,40.0,26.0,False,N/A
2026-01-13,09:50:49,+07,0,220,40.0,26.0,False,N/A
2026-01-13,09:50:51,+07,0,220,40.0,26.0,False,N/A
2026-01-13,09:50:53,+07,0,220,40.0,26.0,False,N/A
2026-01-13,09:50:55,+07,0,220,40.0,26.0,False,N/A
2026-01-13,09:50:57,+07,0,220,40.0,25.7,False,N/A
2026-01-13,09:50:59,+07,0,220,40.0,25.7,False,N/A
2026-01-13,09:51:01,+07,0,220,28.3,25.9,False,N/A
2026-01-13,09:51:03,+07,0,220,40.0,25.9,False,N/A
2026-01-13,09:51:05,+07,0,220,26.0,25.9,False,N/A
2026-01-13,09:51:07,+07,0,220,26.0,26.0,False,N/A
2026-01-13,09:51:09,+07,0,220,26.1,26.0,False,N/A
2026-01-13,09:51:11,+07,0,220,26.1,26.0,False,N/A
2026-01-13,09:51:13,+07,0,220,26.0,26.0,False,N/A
2026-01-13,09:51:15,+07,0,220,26.1,26.0,False,N/A
2026-01-13,09:51:17,+07,0,220,26.1,26.0,False,N/A
2026-01-13,09:51:19,+07,0,220,25.9,26.0,False,N/A
2026-01-13,09:51:21,+07,0,220,26.0,26.0,False,N/A
2026-01-13,09:51:23,+07,0,220,26.0,26.0,False,N/A
2026-01-13,09:51:25,+07,0,220,26.0,26.0,False,N/A
2026-01-13,09:51:27,+07,0,220,25.9,26.0,False,N/A
2026-01-13,09:51:29,+07,0,220,25.9,26.0,False,N/A
2026-01-13,09:51:31,+07,0,220,25.9,25.9,False,N/A
2026-01-13,09:51:33,+07,0,220,26.0,25.9,False,N/A
2026-01-13,09:51:35,+07,0,220,26.0,26.1,False,N/A
2026-01-13,09:51:37,+07,0,220,26.0,25.9,False,N/A
2026-01-13,09:51:39,+07,0,220,26.0,26.0,False,N/A
2026-01-13,09:51:41,+07,0,220,26.0,26.0,False,N/A
2026-01-13,09:51:43,+07,0,220,26.0,26.0,False,N/A
2026-01-13,09:51:45,+07,0,220,26.0,26.0,False,N/A
2026-01-13,09:51:47,+07,0,220,25.8,26.0,False,N/A
2026-01-13,09:51:49,+07,0,220,25.9,26.0,False,N/A
2026-01-13,09:51:51,+07,0,220,25.9,26.0,False,N/A
2026-01-13,09:51:53,+07,0,220,28.0,26.0,False,N/A
2026-01-13,09:51:55,+07,0,220,25.9,26.0,False,N/A
2026-01-13,09:51:57,+07,0,220,27.9,26.0,False,N/A
2026-01-13,09:51:59,+07,0,220,27.9,26.1,False,N/A
2026-01-13,09:52:01,+07,0,220,25.9,26.1,False,N/A
2026-01-13,09:52:03,+07,0,220,26.0,26.1,False,N/A
2026-01-13,09:52:05,+07,0,220,26.0,26.1,False,N/A
2026-01-13,09:52:07,+07,0,220,26.0,26.1,False,N/A
2026-01-13,09:52:09,+07,0,220,26.2,26.1,False,N/A
2026-01-13,09:52:11,+07,0,220,26.1,26.1,False,N/A
2026-01-13,09:52:13,+07,0,220,26.1,26.1,False,N/A
2026-01-13,09:52:15,+07,0,220,26.0,26.1,False,N/A
2026-01-13,09:52:17,+07,0,220,26.2,26.1,False,N/A
2026-01-13,09:52:19,+07,0,220,26.3,26.1,False,N/A
2026-01-13,09:52:21,+07,0,220,26.3,26.2,False,N/A
2026-01-13,09:52:23,+07,0,220,26.2,26.2,False,N/A
2026-01-13,09:52:25,+07,0,220,27.5,26.2,False,N/A
2026-01-13,09:52:27,+07,0,220,26.3,26.2,False,N/A
2026-01-13,09:52:29,+07,0,220,40.0,26.2,False,N/A
2026-01-13,09:52:31,+07,0,220,40.0,26.2,False,N/A
2026-01-13,09:52:34,+07,0,220,40.0,26.2,False,N/A
2026-01-13,09:52:36,+07,0,220,40.0,26.2,False,N/A
2026-01-13,09:52:38,+07,0,220,40.0,26.2,False,N/A
2026-01-13,09:52:40,+07,0,220,40.0,26.2,False,N/A
2026-01-13,09:52:42,+07,0,220,40.0,26.2,False,N/A
2026-01-13,09:52:44,+07,0,220,26.3,26.3,False,N/A
2026-01-13,09:52:46,+07,0,220,40.0,26.3,False,N/A
2026-01-13,09:52:48,+07,0,220,40.0,26.3,False,N/A
2026-01-13,09:52:50,+07,0,220,26.3,26.3,False,N/A
2026-01-13,09:52:52,+07,0,220,26.3,26.3,False,N/A
2026-01-13,09:52:54,+07,0,220,26.2,26.3,False,N/A
2026-01-13,09:52:56,+07,0,220,26.2,26.2,False,N/A
2026-01-13,09:52:58,+07,0,220,26.2,26.2,False,N/A
2026-01-13,09:53:00,+07,0,220,27.6,26.2,False,N/A
2026-01-13,09:53:02,+07,0,220,26.2,26.2,False,N/A
2026-01-13,09:53:04,+07,0,220,26.3,26.2,False,N/A
2026-01-13,09:53:06,+07,0,220,26.4,26.2,False,N/A
2026-01-13,09:53:08,+07,0,220,26.4,26.2,False,N/A
2026-01-13,09:53:10,+07,0,220,26.3,26.2,False,N/A
2026-01-13,09:53:12,+07,0,220,26.4,26.2,False,N/A
2026-01-13,09:53:14,+07,0,220,26.4,26.2,False,N/A
2026-01-13,09:53:16,+07,0,220,26.5,26.2,False,N/A
2026-01-13,09:53:18,+07,0,220,26.6,26.2,False,N/A
2026-01-13,09:53:20,+07,0,220,26.6,26.2,False,N/A
2026-01-13,09:53:22,+07,0,220,26.6,26.5,False,N/A
2026-01-13,09:53:24,+07,0,220,26.6,26.5,False,N/A
2026-01-13,09:53:26,+07,0,220,26.7,26.5,False,N/A
2026-01-13,09:53:28,+07,0,220,26.8,26.5,False,N/A
2026-01-13,09:53:30,+07,0,220,26.8,26.5,False,N/A
2026-01-13,09:53:32,+07,0,220,26.8,26.8,False,N/A
2026-01-13,09:53:34,+07,0,220,26.8,26.8,False,N/A
2026-01-13,09:53:36,+07,0,220,26.7,26.8,False,N/A
2026-01-13,09:53:38,+07,0,220,26.5,26.8,False,N/A
2026-01-13,09:53:40,+07,0,220,26.4,26.8,False,N/A
2026-01-13,09:53:42,+07,0,220,26.4,26.8,False,N/A
2026-01-13,09:53:44,+07,0,220,26.6,26.6,False,N/A
2026-01-13,09:53:46,+07,0,220,40.0,26.6,False,N/A
2026-01-13,09:53:48,+07,0,220,40.0,26.6,False,N/A
2026-01-13,09:53:50,+07,0,220,40.0,26.6,False,N/A
2026-01-13,09:53:52,+07,0,220,40.0,26.6,False,N/A
2026-01-13,09:53:54,+07,0,220,40.0,26.6,False,N/A
2026-01-13,09:53:56,+07,0,220,40.0,26.6,False,N/A
2026-01-13,09:53:58,+07,0,220,40.0,26.3,False,N/A
2026-01-13,09:54:00,+07,0,220,40.0,26.3,False,N/A
2026-01-13,09:54:02,+07,0,220,40.0,26.3,False,N/A
2026-01-13,09:54:04,+07,0,220,40.0,26.3,False,N/A
2026-01-13,09:54:06,+07,0,220,40.0,26.3,False,N/A
2026-01-13,09:54:08,+07,0,220,40.0,26.3,False,N/A
2026-01-13,09:54:10,+07,0,220,26.1,26.3,False,N/A
2026-01-13,09:54:12,+07,0,220,26.1,26.2,False,N/A
2026-01-13,09:54:14,+07,0,220,26.3,26.2,False,N/A
2026-01-13,09:54:16,+07,0,220,27.4,26.3,False,N/A
2026-01-13,09:54:18,+07,0,220,26.4,26.3,False,N/A
2026-01-13,09:54:20,+07,0,220,26.4,26.3,False,N/A
2026-01-13,09:54:22,+07,0,220,26.5,26.3,False,N/A
2026-01-13,09:54:24,+07,0,220,26.3,26.3,False,N/A
2026-01-13,09:54:26,+07,0,220,26.2,26.3,False,N/A
2026-01-13,09:54:28,+07,0,220,26.2,26.3,False,N/A
2026-01-13,09:54:30,+07,0,220,26.3,26.3,False,N/A
2026-01-13,09:54:32,+07,0,220,26.4,26.3,False,N/A
2026-01-13,09:54:34,+07,0,220,26.3,26.3,False,N/A
2026-01-13,09:54:36,+07,0,220,26.2,26.3,False,N/A
2026-01-13,09:54:38,+07,0,220,26.2,26.3,False,N/A
2026-01-13,09:54:40,+07,0,220,26.1,26.3,False,N/A
2026-01-13,09:54:42,+07,0,220,26.3,26.3,False,N/A
2026-01-13,09:54:44,+07,0,220,26.3,26.3,False,N/A
2026-01-13,09:54:46,+07,0,220,26.3,26.3,False,N/A
2026-01-13,09:54:48,+07,0,220,26.3,26.3,False,N/A
2026-01-13,09:54:50,+07,0,220,26.4,26.4,False,N/A
2026-01-13,09:54:52,+07,0,220,26.3,26.4,False,N/A
2026-01-13,09:54:54,+07,0,220,26.4,26.4,False,N/A
2026-01-13,09:54:56,+07,0,220,26.5,26.4,False,N/A
2026-01-13,09:54:58,+07,0,220,26.4,26.4,False,N/A
2026-01-13,09:55:01,+07,0,220,26.3,26.4,False,N/A
2026-01-13,09:55:03,+07,0,220,26.2,26.4,False,N/A
2026-01-13,09:55:05,+07,0,220,28.4,26.4,False,N/A
2026-01-13,09:55:07,+07,0,220,26.1,26.4,False,N/A
2026-01-13,09:55:09,+07,0,220,26.2,26.4,False,N/A
2026-01-13,09:55:11,+07,0,220,26.1,26.4,False,N/A
2026-01-13,09:55:13,+07,0,220,40.0,26.4,False,N/A
2026-01-13,09:55:15,+07,0,220,40.0,26.4,False,N/A
2026-01-13,09:55:17,+07,0,220,40.0,26.4,False,N/A
2026-01-13,09:55:19,+07,0,220,40.0,26.4,False,N/A
2026-01-13,09:55:21,+07,0,220,40.0,26.4,False,N/A
2026-01-13,09:55:23,+07,0,220,40.0,26.4,False,N/A
2026-01-13,09:55:25,+07,0,220,40.0,26.4,False,N/A
2026-01-13,09:55:27,+07,0,220,40.0,26.4,False,N/A
2026-01-13,09:55:29,+07,0,220,40.0,26.4,False,N/A
2026-01-13,09:55:31,+07,0,220,40.0,26.4,False,N/A
2026-01-13,09:55:33,+07,0,220,40.0,26.4,False,N/A
2026-01-13,09:55:35,+07,0,220,40.0,26.4,False,N/A
2026-01-13,09:55:37,+07,0,220,40.0,26.4,False,N/A
2026-01-13,09:55:39,+07,0,220,40.0,26.4,False,N/A
2026-01-13,09:55:41,+07,0,220,40.0,26.4,False,N/A
2026-01-13,09:55:43,+07,0,220,40.0,26.4,False,N/A
2026-01-13,09:55:45,+07,0,220,40.0,26.4,False,N/A
2026-01-13,09:55:47,+07,0,220,40.0,26.4,False,N/A
2026-01-13,09:55:49,+07,0,220,40.0,26.4,False,N/A
2026-01-13,09:55:51,+07,0,220,40.0,26.4,False,N/A
2026-01-13,09:55:53,+07,0,220,40.0,25.9,False,N/A
2026-01-13,09:55:55,+07,0,220,40.0,25.9,False,N/A
2026-01-13,09:55:57,+07,0,220,25.9,25.9,False,N/A
2026-01-13,09:55:59,+07,0,220,26.0,25.9,False,N/A
2026-01-13,09:56:01,+07,0,220,25.9,25.9,False,N/A
2026-01-13,09:56:03,+07,0,220,26.0,26.0,False,N/A
2026-01-13,09:56:05,+07,0,220,26.0,26.0,False,N/A
2026-01-13,09:56:07,+07,0,220,26.0,25.9,False,N/A
2026-01-13,09:56:09,+07,0,220,25.9,25.9,False,N/A
2026-01-13,09:56:11,+07,0,220,25.9,25.9,False,N/A
2026-01-13,09:56:13,+07,0,220,25.9,25.9,False,N/A
2026-01-13,09:56:15,+07,0,220,25.9,25.9,False,N/A
2026-01-13,09:56:17,+07,0,220,25.8,25.9,False,N/A
2026-01-13,09:56:19,+07,0,220,25.8,25.9,False,N/A
2026-01-13,09:56:21,+07,0,220,25.7,25.9,False,N/A
2026-01-13,09:56:23,+07,0,220,25.7,25.9,False,N/A
2026-01-13,09:56:25,+07,0,220,25.8,25.8,False,N/A
2026-01-13,09:56:27,+07,0,220,25.8,25.8,False,N/A
2026-01-13,09:56:29,+07,0,220,25.8,25.8,False,N/A
2026-01-13,09:56:31,+07,0,220,40.0,25.8,False,N/A
2026-01-13,09:56:33,+07,0,220,40.0,25.8,False,N/A
2026-01-13,09:56:35,+07,0,220,40.0,25.8,False,N/A
2026-01-13,09:56:37,+07,0,220,40.0,25.9,False,N/A
2026-01-13,09:56:39,+07,0,220,40.0,25.9,False,N/A
2026-01-13,09:56:41,+07,0,220,40.0,26.0,False,N/A
2026-01-13,09:56:43,+07,0,220,40.0,26.0,False,N/A
2026-01-13,09:56:45,+07,0,220,40.0,26.0,False,N/A
2026-01-13,09:56:47,+07,0,220,40.0,26.0,False,N/A
2026-01-13,09:56:49,+07,0,220,40.0,26.0,False,N/A
2026-01-13,09:56:51,+07,0,220,40.0,26.0,False,N/A
2026-01-13,09:56:53,+07,0,220,40.0,26.0,False,N/A
2026-01-13,09:56:55,+07,0,220,40.0,26.0,False,N/A
2026-01-13,09:56:57,+07,0,220,26.1,26.0,False,N/A
2026-01-13,09:56:59,+07,0,220,26.2,28.9,False,N/A
2026-01-13,09:57:01,+07,0,220,26.2,28.9,False,N/A
2026-01-13,09:57:03,+07,0,220,26.1,26.1,False,N/A
2026-01-13,09:57:05,+07,0,220,26.3,26.1,False,N/A
2026-01-13,09:57:07,+07,0,220,26.3,26.1,False,N/A
2026-01-13,09:57:09,+07,0,220,26.3,26.1,False,N/A
2026-01-13,09:57:11,+07,0,220,26.4,26.1,False,N/A
2026-01-13,09:57:13,+07,0,220,26.5,26.1,False,N/A
2026-01-13,09:57:15,+07,0,220,26.4,26.1,False,N/A
2026-01-13,09:57:18,+07,0,220,26.5,26.1,False,N/A
2026-01-13,09:57:20,+07,0,220,26.5,26.1,False,N/A
2026-01-13,09:57:22,+07,0,220,26.5,26.1,False,N/A
2026-01-13,09:57:24,+07,0,220,26.5,26.1,False,N/A
2026-01-13,09:57:26,+07,0,220,26.5,26.1,False,N/A
2026-01-13,09:57:28,+07,0,220,26.6,26.6,False,N/A
2026-01-13,09:57:30,+07,0,220,26.8,26.6,False,N/A
2026-01-13,09:57:32,+07,0,220,26.8,26.6,False,N/A
2026-01-13,09:57:34,+07,0,220,26.8,26.6,False,N/A
2026-01-13,09:57:36,+07,0,220,26.8,26.8,False,N/A
2026-01-13,09:57:38,+07,0,220,26.9,26.8,False,N/A
2026-01-13,09:57:40,+07,0,220,26.9,26.9,False,N/A
2026-01-13,09:57:42,+07,0,220,27.0,26.9,False,N/A
2026-01-13,09:57:44,+07,0,220,26.9,26.9,False,N/A
2026-01-13,09:57:46,+07,0,220,27.0,27.0,False,N/A
2026-01-13,09:57:48,+07,0,220,27.1,27.0,False,N/A
2026-01-13,09:57:50,+07,0,220,27.1,27.0,False,N/A
2026-01-13,09:57:52,+07,0,220,27.0,27.0,False,N/A
2026-01-13,09:57:54,+07,0,220,27.1,27.1,False,N/A
2026-01-13,09:57:56,+07,0,220,40.0,27.1,False,N/A
2026-01-13,09:57:58,+07,0,220,40.0,27.0,False,N/A
2026-01-13,09:58:00,+07,0,220,40.0,27.0,False,N/A
2026-01-13,09:58:02,+07,0,220,40.0,27.0,False,N/A
2026-01-13,09:58:04,+07,0,220,40.0,26.9,False,N/A
2026-01-13,09:58:06,+07,0,220,40.0,26.9,False,N/A
2026-01-13,09:58:08,+07,0,220,40.0,26.9,False,N/A
2026-01-13,09:58:10,+07,0,220,40.0,26.9,False,N/A
2026-01-13,09:58:12,+07,0,220,40.0,26.9,False,N/A
2026-01-13,09:58:14,+07,0,220,40.0,26.9,False,N/A
2026-01-13,09:58:16,+07,0,220,27.0,26.9,False,N/A
2026-01-13,09:58:18,+07,0,220,27.2,26.9,False,N/A
2026-01-13,09:58:20,+07,0,220,27.2,26.9,False,N/A
2026-01-13,09:58:22,+07,0,220,27.2,27.2,False,N/A
2026-01-13,09:58:24,+07,0,220,27.0,27.2,False,N/A
2026-01-13,09:58:26,+07,0,220,26.9,26.9,False,N/A
2026-01-13,09:58:28,+07,0,220,27.0,26.9,False,N/A
2026-01-13,09:58:30,+07,0,220,27.0,26.9,False,N/A
2026-01-13,09:58:32,+07,0,220,27.0,26.9,False,N/A
2026-01-13,09:58:34,+07,0,220,27.1,26.9,False,N/A
2026-01-13,09:58:36,+07,0,220,27.1,27.0,False,N/A
2026-01-13,09:58:38,+07,0,220,27.0,27.0,False,N/A
2026-01-13,09:58:40,+07,0,220,27.0,27.0,False,N/A
2026-01-13,09:58:42,+07,0,220,27.1,27.0,False,N/A
2026-01-13,09:58:44,+07,0,220,27.1,27.0,False,N/A
2026-01-13,09:58:46,+07,0,220,27.1,27.1,False,N/A
2026-01-13,09:58:48,+07,0,220,27.1,27.1,False,N/A
2026-01-13,09:58:50,+07,0,220,27.1,27.1,False,N/A
2026-01-13,09:58:52,+07,0,220,26.9,27.1,False,N/A
2026-01-13,09:58:54,+07,0,220,27.0,27.1,False,N/A
2026-01-13,09:58:56,+07,0,220,27.0,27.0,False,N/A
2026-01-13,09:58:58,+07,0,220,27.1,27.0,False,N/A
2026-01-13,09:59:00,+07,0,220,27.1,27.2,False,N/A
2026-01-13,09:59:02,+07,0,220,27.2,27.2,False,N/A
2026-01-13,09:59:04,+07,0,220,27.2,27.2,False,N/A
2026-01-13,09:59:06,+07,0,220,27.2,27.2,False,N/A
2026-01-13,09:59:08,+07,0,220,27.3,27.2,False,N/A
2026-01-13,09:59:10,+07,0,220,40.0,27.4,False,N/A
2026-01-13,09:59:12,+07,0,220,40.0,27.4,False,N/A
2026-01-13,09:59:14,+07,0,220,40.0,27.4,False,N/A
2026-01-13,09:59:16,+07,0,220,40.0,27.4,False,N/A
2026-01-13,09:59:18,+07,0,220,40.0,27.4,False,N/A
2026-01-13,09:59:20,+07,0,220,40.0,27.5,False,N/A
2026-01-13,09:59:22,+07,0,220,40.0,27.5,False,N/A
2026-01-13,09:59:24,+07,0,220,40.0,27.5,False,N/A
2026-01-13,09:59:26,+07,0,220,40.0,27.6,False,N/A
2026-01-13,09:59:28,+07,0,220,40.0,27.6,False,N/A
2026-01-13,09:59:31,+07,0,220,40.0,27.5,False,N/A
2026-01-13,09:59:33,+07,0,220,40.0,27.5,False,N/A
2026-01-13,09:59:35,+07,0,220,40.0,27.5,False,N/A
2026-01-13,09:59:37,+07,0,220,40.0,27.5,False,N/A
2026-01-13,09:59:39,+07,0,220,40.0,27.5,False,N/A
2026-01-13,09:59:41,+07,0,220,40.0,27.5,False,N/A
2026-01-13,09:59:43,+07,0,220,40.0,27.4,False,N/A
2026-01-13,09:59:45,+07,0,220,40.0,27.4,False,N/A
2026-01-13,09:59:47,+07,0,220,27.4,27.4,False,N/A
2026-01-13,09:59:49,+07,0,220,27.5,28.6,False,N/A
2026-01-13,09:59:51,+07,0,220,27.6,28.6,False,N/A
2026-01-13,09:59:53,+07,0,220,27.5,28.6,False,N/A
2026-01-13,09:59:55,+07,0,220,27.4,28.6,False,N/A
2026-01-13,09:59:57,+07,0,220,27.3,27.3,False,N/A
2026-01-13,09:59:59,+07,0,220,27.3,27.3,False,N/A
2026-01-13,10:00:01,+07,0,220,27.3,27.3,False,N/A
2026-01-13,10:00:03,+07,0,220,28.7,27.3,False,N/A
2026-01-13,10:00:05,+07,0,220,27.3,27.3,False,N/A
2026-01-13,10:00:07,+07,0,220,27.2,27.3,False,N/A
2026-01-13,10:00:09,+07,0,220,27.1,27.3,False,N/A
2026-01-13,10:00:11,+07,0,220,27.0,27.3,False,N/A
2026-01-13,10:00:13,+07,0,220,27.1,27.1,False,N/A
2026-01-13,10:00:15,+07,0,220,27.1,27.1,False,N/A
2026-01-13,10:00:17,+07,0,220,27.2,27.1,False,N/A
2026-01-13,10:00:19,+07,0,220,27.2,27.1,False,N/A
2026-01-13,10:00:21,+07,0,220,27.2,27.1,False,N/A
2026-01-13,10:00:23,+07,0,220,27.2,27.1,False,N/A
2026-01-13,10:00:25,+07,0,220,27.2,27.1,False,N/A
2026-01-13,10:00:27,+07,0,220,40.0,27.1,False,N/A
2026-01-13,10:00:29,+07,0,220,40.0,27.1,False,N/A
2026-01-13,10:00:31,+07,0,220,40.0,27.1,False,N/A
2026-01-13,10:00:33,+07,0,220,40.0,27.4,False,N/A
2026-01-13,10:00:35,+07,0,220,40.0,27.4,False,N/A
2026-01-13,10:00:37,+07,0,220,40.0,27.4,False,N/A
2026-01-13,10:00:39,+07,0,220,40.0,27.4,False,N/A
2026-01-13,10:00:41,+07,0,220,40.0,27.5,False,N/A
2026-01-13,10:00:43,+07,0,220,40.0,27.5,False,N/A
2026-01-13,10:00:45,+07,0,220,40.0,27.5,False,N/A
2026-01-13,10:00:47,+07,0,220,40.0,27.5,False,N/A
2026-01-13,10:00:49,+07,0,220,40.0,27.5,False,N/A
2026-01-13,10:00:51,+07,0,220,40.0,27.6,False,N/A
2026-01-13,10:00:53,+07,0,220,40.0,27.6,False,N/A
2026-01-13,10:00:55,+07,0,220,40.0,27.6,False,N/A
2026-01-13,10:00:57,+07,0,220,40.0,27.6,False,N/A
2026-01-13,10:00:59,+07,0,220,40.0,27.6,False,N/A
2026-01-13,10:01:01,+07,0,220,40.0,27.6,False,N/A
2026-01-13,10:01:03,+07,0,220,40.0,27.4,False,N/A
2026-01-13,10:01:05,+07,0,220,40.0,27.4,False,N/A
2026-01-13,10:01:07,+07,0,220,40.0,27.4,False,N/A
2026-01-13,10:01:09,+07,0,220,40.0,27.4,False,N/A
2026-01-13,10:01:11,+07,0,220,40.0,27.4,False,N/A
2026-01-13,10:01:13,+07,0,220,40.0,27.7,False,N/A
2026-01-13,10:01:15,+07,0,220,40.0,27.7,False,N/A
2026-01-13,10:01:17,+07,0,220,40.0,27.7,False,N/A
2026-01-13,10:01:19,+07,0,220,40.0,27.7,False,N/A
2026-01-13,10:01:21,+07,0,220,40.0,27.7,False,N/A
2026-01-13,10:01:23,+07,0,220,40.0,27.7,False,N/A
2026-01-13,10:01:25,+07,0,220,27.9,27.9,False,N/A
2026-01-13,10:01:27,+07,0,220,28.0,27.9,False,N/A
2026-01-13,10:01:29,+07,0,220,28.0,27.9,False,N/A
2026-01-13,10:01:31,+07,0,220,28.1,27.9,False,N/A
2026-01-13,10:01:33,+07,0,220,28.1,27.9,False,N/A
2026-01-13,10:01:35,+07,0,220,28.2,27.9,False,N/A
2026-01-13,10:01:37,+07,0,220,28.1,27.9,False,N/A
2026-01-13,10:01:39,+07,0,220,28.1,27.9,False,N/A
2026-01-13,10:01:42,+07,0,220,28.4,28.1,False,N/A
2026-01-13,10:01:44,+07,0,220,28.2,28.1,False,N/A
2026-01-13,10:01:46,+07,0,220,28.1,28.1,False,N/A
2026-01-13,10:01:48,+07,0,220,28.1,28.1,False,N/A
2026-01-13,10:01:50,+07,0,220,28.1,28.1,False,N/A
2026-01-13,10:01:52,+07,0,220,28.0,28.1,False,N/A
2026-01-13,10:01:54,+07,0,220,28.0,28.1,False,N/A
2026-01-13,10:01:56,+07,0,220,28.3,28.1,False,N/A
2026-01-13,10:01:58,+07,0,220,28.3,28.4,False,N/A
2026-01-13,10:02:00,+07,0,220,28.5,28.5,False,N/A
2026-01-13,10:02:02,+07,0,220,28.5,28.5,False,N/A
2026-01-13,10:02:04,+07,0,220,40.0,28.7,False,N/A
2026-01-13,10:02:06,+07,0,220,40.0,28.7,False,N/A
2026-01-13,10:02:08,+07,0,220,40.0,28.7,False,N/A
2026-01-13,10:02:10,+07,0,220,40.0,28.7,False,N/A
2026-01-13,10:02:12,+07,0,220,40.0,28.7,False,N/A
2026-01-13,10:02:14,+07,0,220,40.0,28.7,False,N/A
2026-01-13,10:02:16,+07,0,220,40.0,28.7,False,N/A
2026-01-13,10:02:18,+07,0,220,40.0,28.7,False,N/A
2026-01-13,10:02:20,+07,0,220,40.0,28.7,False,N/A
2026-01-13,10:02:22,+07,0,220,40.0,28.7,False,N/A
2026-01-13,10:02:24,+07,0,220,40.0,28.7,False,N/A
2026-01-13,10:02:26,+07,0,220,40.0,28.7,False,N/A
2026-01-13,10:02:28,+07,0,220,40.0,28.8,False,N/A
2026-01-13,10:02:30,+07,0,220,40.0,28.8,False,N/A
2026-01-13,10:02:32,+07,0,220,40.0,28.8,False,N/A
2026-01-13,10:02:34,+07,0,220,40.0,28.8,False,N/A
2026-01-13,10:02:36,+07,0,220,28.7,28.8,False,N/A
2026-01-13,10:02:38,+07,0,220,28.8,28.8,False,N/A
2026-01-13,10:02:40,+07,0,220,28.7,28.8,False,N/A
2026-01-13,10:02:42,+07,0,220,28.7,28.8,False,N/A
2026-01-13,10:02:44,+07,0,220,28.7,28.8,False,N/A
2026-01-13,10:02:46,+07,0,220,28.6,28.8,False,N/A
2026-01-13,10:02:48,+07,0,220,28.5,28.8,False,N/A
2026-01-13,10:02:50,+07,0,220,28.4,28.8,False,N/A
2026-01-13,10:02:52,+07,0,220,28.5,28.8,False,N/A
2026-01-13,10:02:54,+07,0,220,28.4,28.4,False,N/A
2026-01-13,10:02:56,+07,0,220,28.5,28.4,False,N/A
2026-01-13,10:02:58,+07,0,220,28.4,28.4,False,N/A
2026-01-13,10:03:00,+07,0,220,28.5,28.5,False,N/A
2026-01-13,10:03:02,+07,0,220,28.5,28.5,False,N/A
2026-01-13,10:03:04,+07,0,220,28.6,28.5,False,N/A
2026-01-13,10:03:06,+07,0,220,28.6,28.5,False,N/A
2026-01-13,10:03:08,+07,0,220,28.5,28.5,False,N/A
2026-01-13,10:03:10,+07,0,220,28.5,28.5,False,N/A
2026-01-13,10:03:12,+07,0,220,28.5,28.5,False,N/A
2026-01-13,10:03:14,+07,0,220,28.4,28.4,False,N/A
2026-01-13,10:03:16,+07,0,220,28.3,28.4,False,N/A
2026-01-13,10:03:18,+07,0,220,28.3,28.3,False,N/A
2026-01-13,10:03:20,+07,0,220,28.2,28.4,False,N/A
2026-01-13,10:03:22,+07,0,220,28.4,28.4,False,N/A
2026-01-13,10:03:24,+07,0,220,28.2,28.4,False,N/A
2026-01-13,10:03:26,+07,0,220,40.0,28.4,False,N/A
2026-01-13,10:03:28,+07,0,220,40.0,28.4,False,N/A
2026-01-13,10:03:30,+07,0,220,40.0,28.4,False,N/A
2026-01-13,10:03:32,+07,0,220,40.0,28.4,False,N/A
2026-01-13,10:03:34,+07,0,220,40.0,28.4,False,N/A
2026-01-13,10:03:36,+07,0,220,40.0,28.4,False,N/A
2026-01-13,10:03:38,+07,0,220,40.0,28.4,False,N/A
2026-01-13,10:03:40,+07,0,220,40.0,28.7,False,N/A
2026-01-13,10:03:42,+07,0,220,40.0,28.6,False,N/A
2026-01-13,10:03:44,+07,0,220,40.0,28.6,False,N/A
2026-01-13,10:03:46,+07,0,220,40.0,28.6,False,N/A
2026-01-13,10:03:48,+07,0,220,40.0,28.6,False,N/A
2026-01-13,10:03:51,+07,0,220,28.8,28.6,False,N/A
2026-01-13,10:03:53,+07,0,220,40.0,28.6,False,N/A
2026-01-13,10:03:55,+07,0,220,40.0,28.6,False,N/A
2026-01-13,10:03:57,+07,0,220,40.0,28.7,False,N/A
2026-01-13,10:03:59,+07,0,220,40.0,28.7,False,N/A
2026-01-13,10:04:01,+07,0,220,40.0,28.7,False,N/A
2026-01-13,10:04:03,+07,0,220,40.0,28.7,False,N/A
2026-01-13,10:04:05,+07,0,220,40.0,28.7,False,N/A
2026-01-13,10:04:07,+07,0,220,40.0,28.7,False,N/A
2026-01-13,10:04:09,+07,0,220,40.0,28.7,False,N/A
2026-01-13,10:04:11,+07,0,220,40.0,28.7,False,N/A
2026-01-13,10:04:13,+07,0,220,40.0,28.7,False,N/A
2026-01-13,10:04:15,+07,0,220,40.0,29.0,False,N/A
2026-01-13,10:04:17,+07,0,220,40.0,29.0,False,N/A
2026-01-13,10:04:19,+07,0,220,29.0,29.0,False,N/A
2026-01-13,10:04:21,+07,0,220,28.5,29.0,False,N/A
2026-01-13,10:04:23,+07,0,220,29.1,29.0,False,N/A
2026-01-13,10:04:25,+07,0,220,29.2,29.0,False,N/A
2026-01-13,10:04:27,+07,0,220,29.1,29.1,False,N/A
2026-01-13,10:04:29,+07,0,220,40.0,29.1,False,N/A
2026-01-13,10:04:31,+07,0,220,40.0,29.1,False,N/A
2026-01-13,10:04:33,+07,0,220,40.0,29.1,False,N/A
2026-01-13,10:04:35,+07,0,220,40.0,29.1,False,N/A
2026-01-13,10:04:37,+07,0,220,40.0,29.1,False,N/A
2026-01-13,10:04:39,+07,0,220,40.0,29.1,False,N/A
2026-01-13,10:04:41,+07,0,220,40.0,29.1,False,N/A
2026-01-13,10:04:43,+07,0,220,40.0,29.1,False,N/A
2026-01-13,10:04:45,+07,0,220,40.0,29.1,False,N/A
2026-01-13,10:04:47,+07,0,220,40.0,29.1,False,N/A
2026-01-13,10:04:49,+07,0,220,40.0,29.3,False,N/A
2026-01-13,10:04:51,+07,0,220,40.0,29.3,False,N/A
2026-01-13,10:04:53,+07,0,220,40.0,29.3,False,N/A
2026-01-13,10:04:55,+07,0,220,40.0,29.3,False,N/A
2026-01-13,10:04:57,+07,0,220,40.0,29.3,False,N/A
2026-01-13,10:04:59,+07,0,220,40.0,29.3,False,N/A
2026-01-13,10:05:01,+07,0,220,40.0,29.0,False,N/A
2026-01-13,10:05:03,+07,0,220,40.0,29.0,False,N/A
2026-01-13,10:05:05,+07,0,220,40.0,29.0,False,N/A
2026-01-13,10:05:07,+07,0,220,40.0,29.0,False,N/A
2026-01-13,10:05:09,+07,0,220,40.0,29.4,False,N/A
2026-01-13,10:05:11,+07,0,220,40.0,29.4,False,N/A
2026-01-13,10:05:13,+07,0,220,40.0,29.4,False,N/A
2026-01-13,10:05:15,+07,0,220,40.0,29.4,False,N/A
2026-01-13,10:05:17,+07,0,220,40.0,29.5,False,N/A
2026-01-13,10:05:19,+07,0,220,40.0,29.5,False,N/A
2026-01-13,10:05:21,+07,0,220,40.0,29.5,False,N/A
2026-01-13,10:05:23,+07,0,220,40.0,29.5,False,N/A
2026-01-13,10:05:25,+07,0,220,40.0,29.6,False,N/A
2026-01-13,10:05:27,+07,0,220,40.0,29.6,False,N/A
2026-01-13,10:05:29,+07,0,220,40.0,29.6,False,N/A
2026-01-13,10:05:31,+07,0,220,40.0,29.6,False,N/A
2026-01-13,10:05:33,+07,0,220,40.0,29.6,False,N/A
2026-01-13,10:05:35,+07,0,220,40.0,29.6,False,N/A
2026-01-13,10:05:38,+07,0,220,40.0,29.6,False,N/A
2026-01-13,10:05:40,+07,0,220,40.0,29.6,False,N/A
2026-01-13,10:05:42,+07,0,220,40.0,29.6,False,N/A
2026-01-13,10:05:44,+07,0,220,40.0,29.7,False,N/A
2026-01-13,10:05:46,+07,0,220,40.0,29.7,False,N/A
2026-01-13,10:05:48,+07,0,220,40.0,29.8,False,N/A
2026-01-13,10:05:50,+07,0,220,40.0,29.8,False,N/A
2026-01-13,10:05:52,+07,0,220,40.0,29.8,False,N/A
2026-01-13,10:05:54,+07,0,220,40.0,29.8,False,N/A
2026-01-13,10:05:56,+07,0,220,40.0,29.5,False,N/A
2026-01-13,10:05:58,+07,0,220,40.0,29.5,False,N/A
2026-01-13,10:06:00,+07,0,220,40.0,29.7,False,N/A
2026-01-13,10:06:02,+07,0,220,40.0,29.7,False,N/A
2026-01-13,10:06:04,+07,0,220,40.0,29.7,False,N/A
2026-01-13,10:06:06,+07,0,220,40.0,29.7,False,N/A
2026-01-13,10:06:08,+07,0,220,40.0,29.7,False,N/A
2026-01-13,10:06:10,+07,0,220,40.0,29.7,False,N/A
2026-01-13,10:06:12,+07,0,220,40.0,29.7,False,N/A
2026-01-13,10:06:14,+07,0,220,40.0,29.7,False,N/A
2026-01-13,10:06:16,+07,0,220,40.0,29.7,False,N/A
2026-01-13,10:06:18,+07,0,220,40.0,29.7,False,N/A
2026-01-13,10:06:20,+07,0,220,40.0,29.8,False,N/A
2026-01-13,10:06:22,+07,0,220,40.0,29.8,False,N/A
2026-01-13,10:06:24,+07,0,220,40.0,29.8,False,N/A
2026-01-13,10:06:26,+07,0,220,40.0,29.8,False,N/A
2026-01-13,10:06:28,+07,0,220,40.0,29.8,False,N/A
2026-01-13,10:06:30,+07,0,220,40.0,29.8,False,N/A
2026-01-13,10:06:32,+07,0,220,40.0,29.7,False,N/A
2026-01-13,10:06:34,+07,0,220,40.0,29.7,False,N/A
2026-01-13,10:06:36,+07,0,220,40.0,29.6,False,N/A
2026-01-13,10:06:38,+07,0,220,40.0,29.6,False,N/A
2026-01-13,10:06:40,+07,0,220,40.0,29.5,False,N/A
2026-01-13,10:06:42,+07,0,220,40.0,29.5,False,N/A
2026-01-13,10:06:44,+07,0,220,40.0,29.5,False,N/A
2026-01-13,10:06:46,+07,0,220,40.0,29.5,False,N/A
2026-01-13,10:06:48,+07,0,220,40.0,29.5,False,N/A
2026-01-13,10:06:50,+07,0,220,40.0,29.5,False,N/A
2026-01-13,10:06:52,+07,0,220,40.0,29.5,False,N/A
2026-01-13,10:06:54,+07,0,220,40.0,29.7,False,N/A
2026-01-13,10:06:56,+07,0,220,40.0,29.7,False,N/A
2026-01-13,10:06:58,+07,0,220,40.0,29.7,False,N/A
2026-01-13,10:07:00,+07,0,220,40.0,29.7,False,N/A
2026-01-13,10:07:02,+07,0,220,40.0,29.7,False,N/A
2026-01-13,10:07:04,+07,0,220,40.0,29.7,False,N/A
2026-01-13,10:07:06,+07,0,220,40.0,30.1,False,N/A
2026-01-13,10:07:08,+07,0,220,40.0,30.1,False,N/A
2026-01-13,10:07:10,+07,0,220,40.0,30.1,False,N/A
2026-01-13,10:07:12,+07,0,220,40.0,30.4,False,N/A
2026-01-13,10:07:14,+07,0,220,40.0,30.4,False,N/A
2026-01-13,10:07:16,+07,0,220,40.0,30.4,False,N/A
2026-01-13,10:07:18,+07,0,220,40.0,30.4,False,N/A
2026-01-13,10:07:20,+07,0,220,40.0,30.4,False,N/A
2026-01-13,10:07:22,+07,0,220,40.0,30.4,False,N/A
2026-01-13,10:07:24,+07,0,220,40.0,30.4,False,N/A
2026-01-13,10:07:26,+07,0,220,40.0,30.4,False,N/A
2026-01-13,10:07:29,+07,0,220,40.0,30.4,False,N/A
2026-01-13,10:07:31,+07,0,220,40.0,30.4,False,N/A
2026-01-13,10:07:33,+07,0,220,40.0,30.4,False,N/A
2026-01-13,10:07:35,+07,0,220,40.0,40.0,True,N/A
2026-01-13,10:07:37,+07,0,220,40.0,40.0,True,N/A
2026-01-13,10:07:39,+07,0,220,40.0,40.0,True,N/A
2026-01-13,10:07:41,+07,0,220,40.0,40.0,True,N/A
2026-01-13,10:07:43,+07,0,220,40.0,40.0,True,N/A
2026-01-13,10:07:45,+07,0,220,40.0,40.0,True,N/A
2026-01-13,10:07:47,+07,0,220,40.0,30.2,False,N/A
2026-01-13,10:07:49,+07,0,220,40.0,30.2,False,N/A
2026-01-13,10:07:51,+07,0,220,40.0,30.2,False,N/A
2026-01-13,10:07:53,+07,0,220,40.0,30.2,False,N/A
2026-01-13,10:07:55,+07,0,220,40.0,30.2,False,N/A
2026-01-13,10:07:57,+07,0,220,40.0,30.2,False,N/A
2026-01-13,10:07:59,+07,0,220,40.0,30.3,False,N/A
2026-01-13,10:08:01,+07,0,220,40.0,30.3,False,N/A
2026-01-13,10:08:03,+07,0,220,40.0,30.3,False,N/A
2026-01-13,10:08:05,+07,0,220,40.0,30.3,False,N/A
2026-01-13,10:08:07,+07,0,220,40.0,30.4,False,N/A
2026-01-13,10:08:09,+07,0,220,40.0,30.4,False,N/A
2026-01-13,10:08:11,+07,0,220,40.0,30.4,False,N/A
2026-01-13,10:08:13,+07,0,220,40.0,30.4,False,N/A
2026-01-13,10:08:15,+07,0,220,40.0,30.4,False,N/A
2026-01-13,10:08:17,+07,0,220,40.0,30.4,False,N/A
2026-01-13,10:08:19,+07,0,220,30.5,30.4,False,N/A
2026-01-13,10:08:21,+07,0,220,30.6,30.4,False,N/A
2026-01-13,10:08:23,+07,0,220,30.6,30.4,False,N/A
2026-01-13,10:08:25,+07,0,220,26.9,30.4,False,N/A
2026-01-13,10:08:27,+07,0,220,27.0,30.4,False,N/A
2026-01-13,10:08:29,+07,0,220,30.5,30.4,False,N/A
2026-01-13,10:08:31,+07,0,220,26.8,30.4,False,N/A
2026-01-13,10:08:33,+07,0,220,30.5,30.5,False,N/A
2026-01-13,10:08:35,+07,0,220,30.5,30.5,False,N/A
2026-01-13,10:08:37,+07,0,220,30.5,30.5,False,N/A
2026-01-13,10:08:39,+07,0,220,30.4,26.6,False,N/A
2026-01-13,10:08:41,+07,0,220,30.4,26.6,False,N/A
2026-01-13,10:08:43,+07,0,220,30.4,26.6,False,N/A
2026-01-13,10:08:45,+07,0,220,30.3,26.6,False,N/A
2026-01-13,10:08:48,+07,0,220,30.3,26.6,False,N/A
2026-01-13,10:08:50,+07,0,220,30.3,26.6,False,N/A
2026-01-13,10:08:52,+07,0,220,30.3,26.6,False,N/A
2026-01-13,10:08:54,+07,0,220,30.4,30.4,False,N/A
2026-01-13,10:08:56,+07,0,220,30.4,30.4,False,N/A
2026-01-13,10:08:58,+07,0,220,30.4,30.4,False,N/A
2026-01-13,10:09:00,+07,0,220,30.5,30.4,False,N/A
2026-01-13,10:09:02,+07,0,220,30.4,30.4,False,N/A
2026-01-13,10:09:04,+07,0,220,30.4,30.4,False,N/A
2026-01-13,10:09:06,+07,0,220,30.4,30.4,False,N/A
2026-01-13,10:09:08,+07,0,220,30.4,30.4,False,N/A
2026-01-13,10:09:10,+07,0,220,30.3,30.4,False,N/A
2026-01-13,10:09:12,+07,0,220,30.4,30.4,False,N/A
2026-01-13,10:09:14,+07,0,220,30.4,30.4,False,N/A
2026-01-13,10:09:16,+07,0,220,30.3,30.3,False,N/A
2026-01-13,10:09:18,+07,0,220,30.5,30.3,False,N/A
2026-01-13,10:09:20,+07,0,220,26.5,30.3,False,N/A
2026-01-13,10:09:22,+07,0,220,40.0,30.3,False,N/A
2026-01-13,10:09:24,+07,0,220,40.0,30.3,False,N/A
2026-01-13,10:09:26,+07,0,220,40.0,30.3,False,N/A
2026-01-13,10:09:28,+07,0,220,40.0,30.3,False,N/A
2026-01-13,10:09:30,+07,0,220,40.0,30.0,False,N/A
2026-01-13,10:09:32,+07,0,220,40.0,30.0,False,N/A
2026-01-13,10:09:34,+07,0,220,40.0,30.0,False,N/A
2026-01-13,10:09:36,+07,0,220,40.0,30.1,False,N/A
2026-01-13,10:09:38,+07,0,220,40.0,30.1,False,N/A
2026-01-13,10:09:40,+07,0,220,40.0,30.1,False,N/A
2026-01-13,10:09:42,+07,0,220,40.0,30.1,False,N/A
2026-01-13,10:09:44,+07,0,220,40.0,30.1,False,N/A
2026-01-13,10:09:46,+07,0,220,40.0,30.1,False,N/A
2026-01-13,10:09:48,+07,0,220,40.0,30.1,False,N/A
2026-01-13,10:09:50,+07,0,220,40.0,30.0,False,N/A
2026-01-13,10:09:52,+07,0,220,40.0,30.1,False,N/A
2026-01-13,10:09:54,+07,0,220,40.0,30.1,False,N/A
2026-01-13,10:09:56,+07,0,220,40.0,30.1,False,N/A
2026-01-13,10:09:58,+07,0,220,40.0,30.1,False,N/A
2026-01-13,10:10:00,+07,0,220,40.0,30.1,False,N/A
2026-01-13,10:10:02,+07,0,220,40.0,30.1,False,N/A
2026-01-13,10:10:04,+07,0,220,40.0,30.1,False,N/A
2026-01-13,10:10:06,+07,0,220,40.0,30.1,False,N/A
2026-01-13,10:10:08,+07,0,220,40.0,30.2,False,N/A
2026-01-13,10:10:10,+07,0,220,40.0,30.2,False,N/A
2026-01-13,10:10:12,+07,0,220,30.1,30.2,False,N/A
2026-01-13,10:10:14,+07,0,220,30.2,30.2,False,N/A
2026-01-13,10:10:16,+07,0,220,26.8,30.1,False,N/A
2026-01-13,10:10:18,+07,0,220,30.0,30.1,False,N/A
2026-01-13,10:10:20,+07,0,220,30.1,30.1,False,N/A
2026-01-13,10:10:22,+07,0,220,30.0,30.1,False,N/A
2026-01-13,10:10:24,+07,0,220,30.0,30.1,False,N/A
2026-01-13,10:10:26,+07,0,220,30.0,30.1,False,N/A
2026-01-13,10:10:28,+07,0,220,30.1,30.1,False,N/A
2026-01-13,10:10:30,+07,0,220,26.9,30.1,False,N/A
2026-01-13,10:10:32,+07,0,220,30.0,30.1,False,N/A
2026-01-13,10:10:34,+07,0,220,30.1,30.1,False,N/A
2026-01-13,10:10:36,+07,0,220,30.2,30.1,False,N/A
2026-01-13,10:10:38,+07,0,220,30.1,30.1,False,N/A
2026-01-13,10:10:40,+07,0,220,30.1,30.1,False,N/A
2026-01-13,10:10:42,+07,0,220,30.0,30.1,False,N/A
2026-01-13,10:10:45,+07,0,220,30.1,30.1,False,N/A
2026-01-13,10:10:47,+07,0,220,30.2,30.1,False,N/A
2026-01-13,10:10:49,+07,0,220,30.3,30.3,False,N/A
2026-01-13,10:10:51,+07,0,220,27.1,30.3,False,N/A
2026-01-13,10:10:53,+07,0,220,30.4,30.3,False,N/A
2026-01-13,10:10:55,+07,0,220,40.0,30.3,False,N/A
2026-01-13,10:10:57,+07,0,220,40.0,30.3,False,N/A
2026-01-13,10:10:59,+07,0,220,40.0,30.3,False,N/A
2026-01-13,10:11:01,+07,0,220,40.0,30.6,False,N/A
2026-01-13,10:11:03,+07,0,220,40.0,30.6,False,N/A
2026-01-13,10:11:05,+07,0,220,40.0,30.4,False,N/A
2026-01-13,10:11:07,+07,0,220,40.0,30.4,False,N/A
2026-01-13,10:11:09,+07,0,220,40.0,30.4,False,N/A
2026-01-13,10:11:11,+07,0,220,40.0,30.4,False,N/A
2026-01-13,10:11:13,+07,0,220,40.0,30.4,False,N/A
2026-01-13,10:11:15,+07,0,220,40.0,30.4,False,N/A
2026-01-13,10:11:17,+07,0,220,40.0,30.6,False,N/A
2026-01-13,10:11:19,+07,0,220,40.0,30.6,False,N/A
2026-01-13,10:11:21,+07,0,220,40.0,30.6,False,N/A
2026-01-13,10:11:23,+07,0,220,40.0,30.6,False,N/A
2026-01-13,10:11:25,+07,0,220,40.0,30.6,False,N/A
2026-01-13,10:11:27,+07,0,220,40.0,30.6,False,N/A
2026-01-13,10:11:29,+07,0,220,40.0,30.6,False,N/A
2026-01-13,10:11:31,+07,0,220,40.0,30.6,False,N/A
2026-01-13,10:11:33,+07,0,220,40.0,30.6,False,N/A
2026-01-13,10:11:35,+07,0,220,40.0,30.6,False,N/A
2026-01-13,10:11:37,+07,0,220,40.0,30.6,False,N/A
2026-01-13,10:11:39,+07,0,220,40.0,30.6,False,N/A
2026-01-13,10:11:41,+07,0,220,40.0,30.6,False,N/A
2026-01-13,10:11:43,+07,0,220,40.0,30.6,False,N/A
2026-01-13,10:11:45,+07,0,220,40.0,30.6,False,N/A
2026-01-13,10:11:47,+07,0,220,40.0,30.6,False,N/A
2026-01-13,10:11:49,+07,0,220,40.0,30.7,False,N/A
2026-01-13,10:11:51,+07,0,220,40.0,30.7,False,N/A
2026-01-13,10:11:53,+07,0,220,40.0,30.7,False,N/A
2026-01-13,10:11:55,+07,0,220,40.0,30.7,False,N/A
2026-01-13,10:11:57,+07,0,220,40.0,30.7,False,N/A
2026-01-13,10:11:59,+07,0,220,40.0,30.7,False,N/A
2026-01-13,10:12:01,+07,0,220,40.0,30.7,False,N/A
2026-01-13,10:12:03,+07,0,220,40.0,30.7,False,N/A
2026-01-13,10:12:05,+07,0,220,40.0,30.7,False,N/A
2026-01-13,10:12:07,+07,0,220,40.0,30.7,False,N/A
2026-01-13,10:12:09,+07,0,220,40.0,30.7,False,N/A
2026-01-13,10:12:11,+07,0,220,40.0,30.7,False,N/A
2026-01-13,10:12:13,+07,0,220,40.0,30.7,False,N/A
2026-01-13,10:12:15,+07,0,220,40.0,30.7,False,N/A
2026-01-13,10:12:17,+07,0,220,40.0,30.7,False,N/A
2026-01-13,10:12:19,+07,0,220,40.0,31.5,False,N/A
2026-01-13,10:12:21,+07,0,220,40.0,31.5,False,N/A
2026-01-13,10:12:23,+07,0,220,40.0,31.5,False,N/A
2026-01-13,10:12:25,+07,0,220,40.0,31.5,False,N/A
2026-01-13,10:12:27,+07,0,220,40.0,31.5,False,N/A
2026-01-13,10:27:29,+07,0,220,,,False,N/A
2026-01-13,10:27:29,+07,0,220,,31.6,False,N/A
2026-01-13,10:27:31,+07,0,220,,31.6,False,N/A
2026-01-13,10:27:31,+07,0,220,40.0,31.6,False,N/A
2026-01-13,10:27:33,+07,0,220,40.0,31.6,False,N/A
2026-01-13,10:27:33,+07,0,220,40.0,31.6,False,N/A
